{
  "archive_metadata": ".dgm-live-runs/live-score-movement/archive/archive_metadata.json",
  "best_average_delta": 0.0,
  "generation_best_scores": [
    {
      "agent_id": "5719cca2-7188-4ed3-b805-603252f204c3",
      "average_score": 0.8823529411764706,
      "benchmark_scores": {
        "humaneval_headroom": 0.8823529411764706
      },
      "generation": 0
    },
    {
      "agent_id": "aaace30a-fdc4-465b-892a-83bbcf1d1c75",
      "average_score": 0.8823529411764706,
      "benchmark_scores": {
        "humaneval_headroom": 0.8823529411764706
      },
      "generation": 1
    }
  ],
  "has_improvement": false,
  "improvements": [],
  "min_delta": 0.0,
  "parent_child_deltas": [
    {
      "average_delta": 0.0,
      "benchmark_deltas": {
        "humaneval_headroom": 0.0
      },
      "child_average_score": 0.8823529411764706,
      "child_generation": 1,
      "child_id": "aaace30a-fdc4-465b-892a-83bbcf1d1c75",
      "is_improvement": false,
      "parent_average_score": 0.8823529411764706,
      "parent_generation": 0,
      "parent_id": "5719cca2-7188-4ed3-b805-603252f204c3"
    },
    {
      "average_delta": -0.8823529411764706,
      "benchmark_deltas": {
        "humaneval_headroom": -0.8823529411764706
      },
      "child_average_score": 0.0,
      "child_generation": 1,
      "child_id": "509181a6-d257-4bbc-a5da-9c6a9b01bff8",
      "is_improvement": false,
      "parent_average_score": 0.8823529411764706,
      "parent_generation": 0,
      "parent_id": "5719cca2-7188-4ed3-b805-603252f204c3"
    }
  ],
  "top_agent_id": "5719cca2-7188-4ed3-b805-603252f204c3",
  "top_score": 0.8823529411764706,
  "total_agents": 3,
  "valid_agents": 3
}
